'Question1',1
Question1,1
Question1,1
Question1,1
Question1,1
Question1,1
Question1,1
Question1,1
Question1,1
Question1,1
Question1,1
Question1,1
Question1,1
Question1,1
Question1,1
Question1,1
Question1,1
Question1,1
Question1,1
Question1,1
Question1,1
Question1,1
Question1,1
Question1,1
Question1,1
Question1,1
Question1,1
Question1,1
Question1and2,1
Question1and2,1
Question1and2,1
Question1and2,1
Question1and2,1
Question1and2,1
Question1and2,1
Question1and2,1
Question1and2,1
Question1and2,1
Question1,0
Question1,0
Question1,0
Question1,0
Question1,0
Question1,0
Question1,0
Question1,0
Question1,0
Question1,0
Question1,0
Question1,0
Question1,0
Question1,0
Question1,0
Question1,0
Question1,0
Question1,0
Question1,0
Question1,0
Question1,0
Question1,0
Question1,0
Question1,0
Question1,0
Question1,0
Question1,0
Question1,0
Question1,0
Question1,0
Question1,0
Question1,0
Question1,0
Question1,0
Question1,0
Question1,0
Question1,0
Question1,0
Question1,0
Question1,0
